{"cameraMode":{"drawMode":0,"name":"Shaded","section":"Shading Mode"},"sceneLighting":false,"audioPlay":false,"sceneViewState":{"showFog":true,"showMaterialUpdate":false,"showSkybox":true,"showFlares":true,"showImageEffects":true,"showParticleSystems":true},"in2DMode":false,"pivot":{"x":163.91603088378907,"y":-42.06321716308594,"z":-20.512601852416993},"rotation":{"x":-0.10164632648229599,"y":-0.7430012822151184,"z":0.11596449464559555,"w":-0.6512828469276428},"size":164.12493896484376,"orthographic":false}