{"cameraMode":{"drawMode":0,"name":"Shaded","section":"Shading Mode"},"sceneLighting":true,"audioPlay":false,"sceneViewState":{"showFog":true,"showMaterialUpdate":false,"showSkybox":true,"showFlares":true,"showImageEffects":true,"showParticleSystems":true},"in2DMode":false,"pivot":{"x":42.0478630065918,"y":21.1875057220459,"z":55.721351623535159},"rotation":{"x":0.11821017414331436,"y":-0.341327965259552,"z":-0.04331452026963234,"w":-0.9314749240875244},"size":84.93508911132813,"orthographic":false}