{"cameraMode":{"drawMode":0,"name":"Shaded","section":"Shading Mode"},"sceneLighting":false,"audioPlay":false,"sceneViewState":{"showFog":true,"showMaterialUpdate":false,"showSkybox":true,"showFlares":true,"showImageEffects":true,"showParticleSystems":true},"in2DMode":false,"pivot":{"x":-5.641571998596191,"y":7.518982887268066,"z":-13.575602531433106},"rotation":{"x":-0.07015564292669296,"y":-0.5175280570983887,"z":-0.042628008872270587,"w":0.8517192602157593},"size":17.8308048248291,"orthographic":false}