{"cameraMode":{"drawMode":0,"name":"Shaded","section":"Shading Mode"},"sceneLighting":false,"audioPlay":false,"sceneViewState":{"showFog":true,"showMaterialUpdate":false,"showSkybox":false,"showFlares":true,"showImageEffects":true,"showParticleSystems":true},"in2DMode":false,"pivot":{"x":-1.9491496086120606,"y":1.920135736465454,"z":-8.320863723754883},"rotation":{"x":0.05134914070367813,"y":0.8363414406776428,"z":-0.07953225076198578,"w":0.5399731397628784},"size":3.7578837871551515,"orthographic":false}