{"cameraMode":{"drawMode":0,"name":"Shaded","section":"Shading Mode"},"sceneLighting":false,"audioPlay":false,"sceneViewState":{"showFog":true,"showMaterialUpdate":false,"showSkybox":false,"showFlares":true,"showImageEffects":true,"showParticleSystems":true},"in2DMode":false,"pivot":{"x":-20.25685691833496,"y":-10.453327178955079,"z":-17.29686164855957},"rotation":{"x":0.07746166735887528,"y":-0.8938853144645691,"z":0.16989164054393769,"w":0.4075604975223541},"size":31.270734786987306,"orthographic":false}