{"cameraMode":{"drawMode":0,"name":"Shaded","section":"Shading Mode"},"sceneLighting":false,"audioPlay":false,"sceneViewState":{"showFog":true,"showMaterialUpdate":false,"showSkybox":true,"showFlares":true,"showImageEffects":true,"showParticleSystems":true},"in2DMode":false,"pivot":{"x":8.286529541015625,"y":-0.12129247933626175,"z":0.4219217896461487},"rotation":{"x":0.04413004592061043,"y":0.4059098958969116,"z":-0.01962711475789547,"w":0.9126359820365906},"size":2.711160898208618,"orthographic":false}