{"cameraMode":{"drawMode":0,"name":"Shaded","section":"Shading Mode"},"sceneLighting":false,"audioPlay":false,"sceneViewState":{"showFog":true,"showMaterialUpdate":false,"showSkybox":true,"showFlares":true,"showImageEffects":true,"showParticleSystems":true},"in2DMode":false,"pivot":{"x":9.249776840209961,"y":0.03371119499206543,"z":-0.6878688335418701},"rotation":{"x":0.01904108189046383,"y":0.2767753303050995,"z":-0.005485078319907188,"w":0.9607303738594055},"size":3.6111607551574709,"orthographic":false}