{"cameraMode":{"drawMode":0,"name":"Shaded","section":"Shading Mode"},"sceneLighting":true,"audioPlay":false,"sceneViewState":{"showFog":true,"showMaterialUpdate":false,"showSkybox":true,"showFlares":true,"showImageEffects":true,"showParticleSystems":true},"in2DMode":false,"pivot":{"x":-25.04914665222168,"y":-11.903146743774414,"z":-33.47237014770508},"rotation":{"x":0.04283847659826279,"y":-0.9519708752632141,"z":0.15736256539821626,"w":0.25914835929870608},"size":48.59555435180664,"orthographic":false}