{"cameraMode":{"drawMode":0,"name":"Shaded","section":"Shading Mode"},"sceneLighting":false,"audioPlay":false,"sceneViewState":{"showFog":true,"showMaterialUpdate":false,"showSkybox":false,"showFlares":true,"showImageEffects":true,"showParticleSystems":true},"in2DMode":false,"pivot":{"x":1.072145938873291,"y":1.6115854978561402,"z":-9.024247169494629},"rotation":{"x":0.27636393904685976,"y":0.37190183997154238,"z":-0.11700567603111267,"w":0.8784199953079224},"size":2.857883930206299,"orthographic":false}